sample_id,parent_scene_id,region,channels,height,width,val_min,val_max,val_mean,val_std,has_oil,has_lookalike,oil_pixels,lookalike_pixels,oil_ratio,lookalike_ratio
patch_0001,S1A_IW_GRDH_1SDV_20260301_SCENE_01,Arabian_Sea_Mumbai_High,3,256,256,0.00,255.00,113.06,42.54,True,False,9557,0,0.1458,0.0000
patch_0002,S1A_IW_GRDH_1SDV_20260301_SCENE_01,Arabian_Sea_Mumbai_High,3,256,256,0.00,255.00,115.49,39.11,True,False,2182,0,0.0333,0.0000
patch_0003,S1A_IW_GRDH_1SDV_20260301_SCENE_01,Arabian_Sea_Mumbai_High,3,256,256,0.00,255.00,125.66,44.71,True,False,3281,0,0.0501,0.0000
patch_0004,S1A_IW_GRDH_1SDV_20260301_SCENE_01,Arabian_Sea_Mumbai_High,3,256,256,0.00,255.00,120.06,44.04,True,True,3366,11087,0.0514,0.1692
patch_0005,S1A_IW_GRDH_1SDV_20260301_SCENE_01,Arabian_Sea_Mumbai_High,3,256,256,0.00,255.00,127.27,45.81,True,True,3776,1770,0.0576,0.0270
patch_0006,S1A_IW_GRDH_1SDV_20260301_SCENE_01,Arabian_Sea_Mumbai_High,3,256,256,0.00,255.00,113.67,43.66,False,True,0,20714,0.0000,0.3161
patch_0007,S1A_IW_GRDH_1SDV_20260301_SCENE_01,Arabian_Sea_Mumbai_High,3,256,256,0.00,255.00,108.51,37.20,False,True,0,24508,0.0000,0.3740
patch_0008,S1A_IW_GRDH_1SDV_20260301_SCENE_01,Arabian_Sea_Mumbai_High,3,256,256,0.00,255.00,132.39,46.76,False,True,0,2326,0.0000,0.0355
patch_0009,S1A_IW_GRDH_1SDV_20260301_SCENE_01,Arabian_Sea_Mumbai_High,3,256,256,0.00,255.00,123.61,42.88,False,False,0,0,0.0000,0.0000
patch_0010,S1A_IW_GRDH_1SDV_20260301_SCENE_01,Arabian_Sea_Mumbai_High,3,256,256,0.00,255.00,121.89,40.34,False,False,0,0,0.0000,0.0000
patch_0011,S1A_IW_GRDH_1SDV_20260301_SCENE_02,Arabian_Sea_Mumbai_High,3,256,256,0.00,255.00,108.74,33.39,True,False,3778,0,0.0576,0.0000
patch_0012,S1A_IW_GRDH_1SDV_20260301_SCENE_02,Arabian_Sea_Mumbai_High,3,256,256,0.00,255.00,113.74,33.34,True,False,2436,0,0.0372,0.0000
patch_0013,S1A_IW_GRDH_1SDV_20260301_SCENE_02,Arabian_Sea_Mumbai_High,3,256,256,0.00,255.00,131.53,52.00,True,False,3382,0,0.0516,0.0000
patch_0014,S1A_IW_GRDH_1SDV_20260301_SCENE_02,Arabian_Sea_Mumbai_High,3,256,256,0.00,255.00,104.08,44.76,True,True,5262,17790,0.0803,0.2715
patch_0015,S1A_IW_GRDH_1SDV_20260301_SCENE_02,Arabian_Sea_Mumbai_High,3,256,256,0.00,255.00,125.72,42.00,True,True,5915,1894,0.0903,0.0289
patch_0016,S1A_IW_GRDH_1SDV_20260301_SCENE_02,Arabian_Sea_Mumbai_High,3,256,256,0.00,255.00,115.35,45.59,False,True,0,19955,0.0000,0.3045
patch_0017,S1A_IW_GRDH_1SDV_20260301_SCENE_02,Arabian_Sea_Mumbai_High,3,256,256,0.00,255.00,115.27,40.45,False,True,0,12273,0.0000,0.1873
patch_0018,S1A_IW_GRDH_1SDV_20260301_SCENE_02,Arabian_Sea_Mumbai_High,3,256,256,0.00,255.00,110.38,30.80,False,True,0,2910,0.0000,0.0444
patch_0019,S1A_IW_GRDH_1SDV_20260301_SCENE_02,Arabian_Sea_Mumbai_High,3,256,256,0.00,255.00,124.74,37.06,False,False,0,0,0.0000,0.0000
patch_0020,S1A_IW_GRDH_1SDV_20260301_SCENE_02,Arabian_Sea_Mumbai_High,3,256,256,0.00,255.00,131.47,36.29,False,False,0,0,0.0000,0.0000
patch_0021,S1A_IW_GRDH_1SDV_20260302_SCENE_03,Arabian_Sea_Goa_Coast,3,256,256,0.00,255.00,112.93,33.00,True,False,3547,0,0.0541,0.0000
patch_0022,S1A_IW_GRDH_1SDV_20260302_SCENE_03,Arabian_Sea_Goa_Coast,3,256,256,0.00,255.00,126.84,43.63,True,False,1894,0,0.0289,0.0000
patch_0023,S1A_IW_GRDH_1SDV_20260302_SCENE_03,Arabian_Sea_Goa_Coast,3,256,256,0.00,255.00,128.31,40.56,True,False,3977,0,0.0607,0.0000
patch_0024,S1A_IW_GRDH_1SDV_20260302_SCENE_03,Arabian_Sea_Goa_Coast,3,256,256,0.00,255.00,124.47,39.55,True,True,3488,7968,0.0532,0.1216
patch_0025,S1A_IW_GRDH_1SDV_20260302_SCENE_03,Arabian_Sea_Goa_Coast,3,256,256,0.00,255.00,108.38,32.97,True,True,4057,1694,0.0619,0.0258
patch_0026,S1A_IW_GRDH_1SDV_20260302_SCENE_03,Arabian_Sea_Goa_Coast,3,256,256,0.00,255.00,114.03,43.15,False,True,0,22091,0.0000,0.3371
patch_0027,S1A_IW_GRDH_1SDV_20260302_SCENE_03,Arabian_Sea_Goa_Coast,3,256,256,0.00,255.00,111.79,31.81,False,True,0,9313,0.0000,0.1421
patch_0028,S1A_IW_GRDH_1SDV_20260302_SCENE_03,Arabian_Sea_Goa_Coast,3,256,256,0.00,255.00,132.33,47.66,False,True,0,2877,0.0000,0.0439
patch_0029,S1A_IW_GRDH_1SDV_20260302_SCENE_03,Arabian_Sea_Goa_Coast,3,256,256,0.00,255.00,122.19,32.22,False,False,0,0,0.0000,0.0000
patch_0030,S1A_IW_GRDH_1SDV_20260302_SCENE_03,Arabian_Sea_Goa_Coast,3,256,256,0.00,255.00,122.40,43.08,False,False,0,0,0.0000,0.0000
patch_0031,S1A_IW_GRDH_1SDV_20260302_SCENE_04,Arabian_Sea_Gujarat_Gulf,3,256,256,0.00,255.00,126.65,53.00,True,False,6953,0,0.1061,0.0000
patch_0032,S1A_IW_GRDH_1SDV_20260302_SCENE_04,Arabian_Sea_Gujarat_Gulf,3,256,256,0.00,255.00,112.98,33.76,True,False,2245,0,0.0343,0.0000
patch_0033,S1A_IW_GRDH_1SDV_20260302_SCENE_04,Arabian_Sea_Gujarat_Gulf,3,256,256,0.00,255.00,124.65,48.67,True,False,5859,0,0.0894,0.0000
patch_0034,S1A_IW_GRDH_1SDV_20260302_SCENE_04,Arabian_Sea_Gujarat_Gulf,3,256,256,0.00,255.00,110.31,41.26,True,True,3380,13978,0.0516,0.2133
patch_0035,S1A_IW_GRDH_1SDV_20260302_SCENE_04,Arabian_Sea_Gujarat_Gulf,3,256,256,0.00,255.00,125.70,46.87,True,True,8639,1332,0.1318,0.0203
patch_0036,S1A_IW_GRDH_1SDV_20260302_SCENE_04,Arabian_Sea_Gujarat_Gulf,3,256,256,0.00,255.00,110.17,43.04,False,True,0,20571,0.0000,0.3139
patch_0037,S1A_IW_GRDH_1SDV_20260302_SCENE_04,Arabian_Sea_Gujarat_Gulf,3,256,256,0.00,255.00,107.92,32.40,False,True,0,23061,0.0000,0.3519
patch_0038,S1A_IW_GRDH_1SDV_20260302_SCENE_04,Arabian_Sea_Gujarat_Gulf,3,256,256,0.00,255.00,109.99,30.42,False,True,0,2283,0.0000,0.0348
patch_0039,S1A_IW_GRDH_1SDV_20260302_SCENE_04,Arabian_Sea_Gujarat_Gulf,3,256,256,0.00,255.00,121.59,36.53,False,False,0,0,0.0000,0.0000
patch_0040,S1A_IW_GRDH_1SDV_20260302_SCENE_04,Arabian_Sea_Gujarat_Gulf,3,256,256,0.00,255.00,133.50,48.30,False,False,0,0,0.0000,0.0000
patch_0041,S1A_IW_GRDH_1SDV_20260303_SCENE_05,Gulf_of_Oman_Entrance,3,256,256,0.00,255.00,121.26,37.16,True,False,3954,0,0.0603,0.0000
patch_0042,S1A_IW_GRDH_1SDV_20260303_SCENE_05,Gulf_of_Oman_Entrance,3,256,256,0.00,255.00,114.30,33.33,True,False,3151,0,0.0481,0.0000
patch_0043,S1A_IW_GRDH_1SDV_20260303_SCENE_05,Gulf_of_Oman_Entrance,3,256,256,0.00,255.00,116.25,38.90,True,False,6976,0,0.1064,0.0000
patch_0044,S1A_IW_GRDH_1SDV_20260303_SCENE_05,Gulf_of_Oman_Entrance,3,256,256,0.00,255.00,124.89,53.09,True,True,7422,7485,0.1133,0.1142
patch_0045,S1A_IW_GRDH_1SDV_20260303_SCENE_05,Gulf_of_Oman_Entrance,3,256,256,0.00,255.00,110.99,33.93,True,True,1510,2551,0.0230,0.0389
patch_0046,S1A_IW_GRDH_1SDV_20260303_SCENE_05,Gulf_of_Oman_Entrance,3,256,256,0.00,255.00,124.66,47.08,False,True,0,18964,0.0000,0.2894
patch_0047,S1A_IW_GRDH_1SDV_20260303_SCENE_05,Gulf_of_Oman_Entrance,3,256,256,0.00,255.00,106.67,31.81,False,True,0,13517,0.0000,0.2063
patch_0048,S1A_IW_GRDH_1SDV_20260303_SCENE_05,Gulf_of_Oman_Entrance,3,256,256,0.00,255.00,121.63,34.94,False,True,0,1862,0.0000,0.0284
patch_0049,S1A_IW_GRDH_1SDV_20260303_SCENE_05,Gulf_of_Oman_Entrance,3,256,256,0.00,255.00,131.42,45.11,False,False,0,0,0.0000,0.0000
patch_0050,S1A_IW_GRDH_1SDV_20260303_SCENE_05,Gulf_of_Oman_Entrance,3,256,256,0.00,255.00,110.41,29.86,False,False,0,0,0.0000,0.0000
patch_0051,S1A_IW_GRDH_1SDV_20260303_SCENE_06,Gulf_of_Oman_Corridor,3,256,256,0.00,255.00,119.36,44.39,True,False,3529,0,0.0538,0.0000
patch_0052,S1A_IW_GRDH_1SDV_20260303_SCENE_06,Gulf_of_Oman_Corridor,3,256,256,0.00,255.00,131.14,45.00,True,False,2631,0,0.0401,0.0000
patch_0053,S1A_IW_GRDH_1SDV_20260303_SCENE_06,Gulf_of_Oman_Corridor,3,256,256,0.00,255.00,121.63,36.03,True,False,2613,0,0.0399,0.0000
patch_0054,S1A_IW_GRDH_1SDV_20260303_SCENE_06,Gulf_of_Oman_Corridor,3,256,256,0.00,255.00,117.32,51.89,True,True,6486,15508,0.0990,0.2366
patch_0055,S1A_IW_GRDH_1SDV_20260303_SCENE_06,Gulf_of_Oman_Corridor,3,256,256,0.00,255.00,118.76,40.66,True,True,4154,1911,0.0634,0.0292
patch_0056,S1A_IW_GRDH_1SDV_20260303_SCENE_06,Gulf_of_Oman_Corridor,3,256,256,0.00,255.00,126.51,50.13,False,True,0,21159,0.0000,0.3229
patch_0057,S1A_IW_GRDH_1SDV_20260303_SCENE_06,Gulf_of_Oman_Corridor,3,256,256,0.00,255.00,114.76,36.89,False,True,0,28193,0.0000,0.4302
patch_0058,S1A_IW_GRDH_1SDV_20260303_SCENE_06,Gulf_of_Oman_Corridor,3,256,256,0.00,255.00,133.34,50.95,False,True,0,2780,0.0000,0.0424
patch_0059,S1A_IW_GRDH_1SDV_20260303_SCENE_06,Gulf_of_Oman_Corridor,3,256,256,0.00,255.00,132.00,46.12,False,False,0,0,0.0000,0.0000
patch_0060,S1A_IW_GRDH_1SDV_20260303_SCENE_06,Gulf_of_Oman_Corridor,3,256,256,0.00,255.00,113.55,30.16,False,False,0,0,0.0000,0.0000
patch_0061,S1A_IW_GRDH_1SDV_20260304_SCENE_07,Arabian_Sea_Deep_Water,3,256,256,0.00,255.00,107.39,34.70,True,False,5138,0,0.0784,0.0000
patch_0062,S1A_IW_GRDH_1SDV_20260304_SCENE_07,Arabian_Sea_Deep_Water,3,256,256,0.00,255.00,101.45,38.63,True,False,10120,0,0.1544,0.0000
patch_0063,S1A_IW_GRDH_1SDV_20260304_SCENE_07,Arabian_Sea_Deep_Water,3,256,256,0.00,255.00,113.63,34.08,True,False,4671,0,0.0713,0.0000
patch_0064,S1A_IW_GRDH_1SDV_20260304_SCENE_07,Arabian_Sea_Deep_Water,3,256,256,0.00,255.00,110.88,43.66,True,True,9793,9017,0.1494,0.1376
patch_0065,S1A_IW_GRDH_1SDV_20260304_SCENE_07,Arabian_Sea_Deep_Water,3,256,256,0.00,255.00,116.56,38.62,True,True,6681,2743,0.1019,0.0419
patch_0066,S1A_IW_GRDH_1SDV_20260304_SCENE_07,Arabian_Sea_Deep_Water,3,256,256,0.00,255.00,115.36,43.38,False,True,0,20009,0.0000,0.3053
patch_0067,S1A_IW_GRDH_1SDV_20260304_SCENE_07,Arabian_Sea_Deep_Water,3,256,256,0.00,255.00,111.19,31.73,False,True,0,11200,0.0000,0.1709
patch_0068,S1A_IW_GRDH_1SDV_20260304_SCENE_07,Arabian_Sea_Deep_Water,3,256,256,0.00,255.00,131.56,45.45,False,True,0,3210,0.0000,0.0490
patch_0069,S1A_IW_GRDH_1SDV_20260304_SCENE_07,Arabian_Sea_Deep_Water,3,256,256,0.00,255.00,133.15,49.30,False,False,0,0,0.0000,0.0000
patch_0070,S1A_IW_GRDH_1SDV_20260304_SCENE_07,Arabian_Sea_Deep_Water,3,256,256,0.00,255.00,131.72,39.02,False,False,0,0,0.0000,0.0000
patch_0071,S1A_IW_GRDH_1SDV_20260304_SCENE_08,Arabian_Sea_Shipping_Lane,3,256,256,0.00,255.00,127.33,36.75,True,False,1281,0,0.0195,0.0000
patch_0072,S1A_IW_GRDH_1SDV_20260304_SCENE_08,Arabian_Sea_Shipping_Lane,3,256,256,0.00,255.00,128.69,40.85,True,False,3321,0,0.0507,0.0000
patch_0073,S1A_IW_GRDH_1SDV_20260304_SCENE_08,Arabian_Sea_Shipping_Lane,3,256,256,0.00,255.00,108.72,33.97,True,False,3635,0,0.0555,0.0000
patch_0074,S1A_IW_GRDH_1SDV_20260304_SCENE_08,Arabian_Sea_Shipping_Lane,3,256,256,0.00,255.00,110.23,39.83,True,True,4837,6990,0.0738,0.1067
patch_0075,S1A_IW_GRDH_1SDV_20260304_SCENE_08,Arabian_Sea_Shipping_Lane,3,256,256,0.00,255.00,125.27,45.55,True,True,2783,2205,0.0425,0.0336
patch_0076,S1A_IW_GRDH_1SDV_20260304_SCENE_08,Arabian_Sea_Shipping_Lane,3,256,256,0.00,255.00,111.55,44.77,False,True,0,20785,0.0000,0.3172
patch_0077,S1A_IW_GRDH_1SDV_20260304_SCENE_08,Arabian_Sea_Shipping_Lane,3,256,256,0.00,255.00,124.52,37.87,False,True,0,11521,0.0000,0.1758
patch_0078,S1A_IW_GRDH_1SDV_20260304_SCENE_08,Arabian_Sea_Shipping_Lane,3,256,256,0.00,255.00,133.59,50.67,False,True,0,3049,0.0000,0.0465
patch_0079,S1A_IW_GRDH_1SDV_20260304_SCENE_08,Arabian_Sea_Shipping_Lane,3,256,256,0.00,255.00,116.25,38.34,False,False,0,0,0.0000,0.0000
patch_0080,S1A_IW_GRDH_1SDV_20260304_SCENE_08,Arabian_Sea_Shipping_Lane,3,256,256,0.00,255.00,125.57,33.32,False,False,0,0,0.0000,0.0000
patch_0081,S1A_IW_GRDH_1SDV_20260305_SCENE_09,Mumbai_Offshore_Platforms,3,256,256,0.00,255.00,119.39,37.20,True,False,6352,0,0.0969,0.0000
patch_0082,S1A_IW_GRDH_1SDV_20260305_SCENE_09,Mumbai_Offshore_Platforms,3,256,256,0.00,255.00,109.35,34.61,True,False,6222,0,0.0949,0.0000
patch_0083,S1A_IW_GRDH_1SDV_20260305_SCENE_09,Mumbai_Offshore_Platforms,3,256,256,0.00,255.00,122.39,41.08,True,False,5907,0,0.0901,0.0000
patch_0084,S1A_IW_GRDH_1SDV_20260305_SCENE_09,Mumbai_Offshore_Platforms,3,256,256,0.00,255.00,115.90,46.97,True,True,7385,14377,0.1127,0.2194
patch_0085,S1A_IW_GRDH_1SDV_20260305_SCENE_09,Mumbai_Offshore_Platforms,3,256,256,0.00,255.00,115.02,38.91,True,True,5279,2109,0.0806,0.0322
patch_0086,S1A_IW_GRDH_1SDV_20260305_SCENE_09,Mumbai_Offshore_Platforms,3,256,256,0.00,255.00,124.51,51.61,False,True,0,20591,0.0000,0.3142
patch_0087,S1A_IW_GRDH_1SDV_20260305_SCENE_09,Mumbai_Offshore_Platforms,3,256,256,0.00,255.00,105.45,33.13,False,True,0,22425,0.0000,0.3422
patch_0088,S1A_IW_GRDH_1SDV_20260305_SCENE_09,Mumbai_Offshore_Platforms,3,256,256,0.00,255.00,131.18,38.77,False,True,0,1670,0.0000,0.0255
patch_0089,S1A_IW_GRDH_1SDV_20260305_SCENE_09,Mumbai_Offshore_Platforms,3,256,256,0.00,255.00,112.40,30.17,False,False,0,0,0.0000,0.0000
patch_0090,S1A_IW_GRDH_1SDV_20260305_SCENE_09,Mumbai_Offshore_Platforms,3,256,256,0.00,255.00,130.88,35.27,False,False,0,0,0.0000,0.0000
patch_0091,S1A_IW_GRDH_1SDV_20260305_SCENE_10,Arabian_Sea_North_Sector,3,256,256,0.00,255.00,128.30,47.70,True,False,5843,0,0.0892,0.0000
patch_0092,S1A_IW_GRDH_1SDV_20260305_SCENE_10,Arabian_Sea_North_Sector,3,256,256,0.00,255.00,114.78,35.18,True,False,1644,0,0.0251,0.0000
patch_0093,S1A_IW_GRDH_1SDV_20260305_SCENE_10,Arabian_Sea_North_Sector,3,256,256,0.00,255.00,124.82,38.51,True,False,1140,0,0.0174,0.0000
patch_0094,S1A_IW_GRDH_1SDV_20260305_SCENE_10,Arabian_Sea_North_Sector,3,256,256,0.00,255.00,124.68,52.81,True,True,3649,14848,0.0557,0.2266
patch_0095,S1A_IW_GRDH_1SDV_20260305_SCENE_10,Arabian_Sea_North_Sector,3,256,256,0.00,255.00,113.33,38.41,True,True,6666,2278,0.1017,0.0348
patch_0096,S1A_IW_GRDH_1SDV_20260305_SCENE_10,Arabian_Sea_North_Sector,3,256,256,0.00,255.00,113.26,43.53,False,True,0,20820,0.0000,0.3177
patch_0097,S1A_IW_GRDH_1SDV_20260305_SCENE_10,Arabian_Sea_North_Sector,3,256,256,0.00,255.00,120.46,41.18,False,True,0,23329,0.0000,0.3560
patch_0098,S1A_IW_GRDH_1SDV_20260305_SCENE_10,Arabian_Sea_North_Sector,3,256,256,0.00,255.00,125.27,45.22,False,True,0,1582,0.0000,0.0241
patch_0099,S1A_IW_GRDH_1SDV_20260305_SCENE_10,Arabian_Sea_North_Sector,3,256,256,0.00,255.00,130.67,44.53,False,False,0,0,0.0000,0.0000
patch_0100,S1A_IW_GRDH_1SDV_20260305_SCENE_10,Arabian_Sea_North_Sector,3,256,256,0.00,255.00,120.05,41.66,False,False,0,0,0.0000,0.0000
patch_0101,S1A_IW_GRDH_1SDV_20260306_SCENE_11,Arabian_Sea_South_Sector,3,256,256,0.00,255.00,110.63,35.58,True,False,7708,0,0.1176,0.0000
patch_0102,S1A_IW_GRDH_1SDV_20260306_SCENE_11,Arabian_Sea_South_Sector,3,256,256,0.00,255.00,123.00,44.14,True,False,3210,0,0.0490,0.0000
patch_0103,S1A_IW_GRDH_1SDV_20260306_SCENE_11,Arabian_Sea_South_Sector,3,256,256,0.00,255.00,124.13,51.12,True,False,7160,0,0.1093,0.0000
patch_0104,S1A_IW_GRDH_1SDV_20260306_SCENE_11,Arabian_Sea_South_Sector,3,256,256,0.00,255.00,113.32,43.68,True,True,5119,19836,0.0781,0.3027
patch_0105,S1A_IW_GRDH_1SDV_20260306_SCENE_11,Arabian_Sea_South_Sector,3,256,256,0.00,255.00,102.38,38.58,True,True,8301,2435,0.1267,0.0372
patch_0106,S1A_IW_GRDH_1SDV_20260306_SCENE_11,Arabian_Sea_South_Sector,3,256,256,0.00,255.00,129.80,54.76,False,True,0,20414,0.0000,0.3115
patch_0107,S1A_IW_GRDH_1SDV_20260306_SCENE_11,Arabian_Sea_South_Sector,3,256,256,0.00,255.00,116.08,42.36,False,True,0,10381,0.0000,0.1584
patch_0108,S1A_IW_GRDH_1SDV_20260306_SCENE_11,Arabian_Sea_South_Sector,3,256,256,0.00,255.00,128.62,45.88,False,True,0,3278,0.0000,0.0500
patch_0109,S1A_IW_GRDH_1SDV_20260306_SCENE_11,Arabian_Sea_South_Sector,3,256,256,0.00,255.00,110.16,29.88,False,False,0,0,0.0000,0.0000
patch_0110,S1A_IW_GRDH_1SDV_20260306_SCENE_11,Arabian_Sea_South_Sector,3,256,256,0.00,255.00,123.10,36.26,False,False,0,0,0.0000,0.0000
patch_0111,S1A_IW_GRDH_1SDV_20260306_SCENE_12,Arabian_Sea_Mid_Corridor,3,256,256,0.00,255.00,110.35,36.60,True,False,5001,0,0.0763,0.0000
patch_0112,S1A_IW_GRDH_1SDV_20260306_SCENE_12,Arabian_Sea_Mid_Corridor,3,256,256,0.00,255.00,103.50,43.14,True,False,10902,0,0.1664,0.0000
patch_0113,S1A_IW_GRDH_1SDV_20260306_SCENE_12,Arabian_Sea_Mid_Corridor,3,256,256,0.00,255.00,122.92,37.78,True,False,3412,0,0.0521,0.0000
patch_0114,S1A_IW_GRDH_1SDV_20260306_SCENE_12,Arabian_Sea_Mid_Corridor,3,256,256,0.00,255.00,116.53,44.70,True,True,8347,15720,0.1274,0.2399
patch_0115,S1A_IW_GRDH_1SDV_20260306_SCENE_12,Arabian_Sea_Mid_Corridor,3,256,256,0.00,255.00,124.31,43.45,True,True,2892,2749,0.0441,0.0419
patch_0116,S1A_IW_GRDH_1SDV_20260306_SCENE_12,Arabian_Sea_Mid_Corridor,3,256,256,0.00,255.00,118.41,47.49,False,True,0,22414,0.0000,0.3420
patch_0117,S1A_IW_GRDH_1SDV_20260306_SCENE_12,Arabian_Sea_Mid_Corridor,3,256,256,0.00,255.00,129.56,45.84,False,True,0,8969,0.0000,0.1369
patch_0118,S1A_IW_GRDH_1SDV_20260306_SCENE_12,Arabian_Sea_Mid_Corridor,3,256,256,0.00,255.00,115.37,33.63,False,True,0,2382,0.0000,0.0363
patch_0119,S1A_IW_GRDH_1SDV_20260306_SCENE_12,Arabian_Sea_Mid_Corridor,3,256,256,0.00,255.00,127.79,36.04,False,False,0,0,0.0000,0.0000
patch_0120,S1A_IW_GRDH_1SDV_20260306_SCENE_12,Arabian_Sea_Mid_Corridor,3,256,256,0.00,255.00,126.25,36.64,False,False,0,0,0.0000,0.0000
